,level,exp,rocket,glider,friends,likes,GameTime,NumberOfAnnotatedGraffiti,totalAnnotatedGraffiti,Graffiti_avgt,NumberOfDialoguesActivated,totalAnnotatedDialogues,Dialogue_avgt,Age,Gender,Education,General engagement
0,0.0,-0.016,0.0,0.0,1.0,0.12014134275618374,1.0282843244718212,0.8571428571428571,0.6,0.23428254491151754,-0.056338028169014086,-0.2,0.2169917510239193,13,0.0,0.0,4.0
1,0.0,-0.656,0.0,0.0,1.5,0.4734982332155477,1.5255200288482886,-0.2857142857142857,-0.4,0.3138169331168487,1.7464788732394365,1.7,-0.13445678145256965,13,0.0,0.0,4.0
2,0.0,-0.016,0.0,0.0,0.0,-0.5865724381625441,1.0304144462218416,-0.42857142857142855,-0.2,-0.9523407111917871,0.056338028169014086,-0.6,-0.6339257264658479,13,0.0,0.0,3.0
3,0.0,-0.656,0.0,0.0,2.0,0.8268551236749117,0.365654716177953,-0.8571428571428571,-0.8,-0.9523407111917871,3.267605633802817,1.7,6.781915430780175,13,0.0,0.0,2.0
4,0.0,-0.656,0.0,0.0,1.0,0.12014134275618374,-0.6554976702439007,-0.8571428571428571,-0.8,-0.9523407111917871,0.0,0.2,0.21625339781980588,13,0.0,0.0,3.0
5,0.0,-0.656,0.0,0.0,0.0,-0.5865724381625441,-0.20662741766568082,1.4285714285714286,0.2,0.26896877527110674,0.676056338028169,-0.1,0.05966863044625105,13,2.0,0.0,4.0
6,0.0,-0.144,0.0,0.0,1.0,0.3462897526501767,1.4386203882934212,-0.8571428571428571,-0.8,-0.9523407111917871,0.5070422535211268,1.2,0.05091852985638089,13,0.0,0.0,4.0
7,0.0,-0.656,0.0,0.0,1.0,0.12014134275618374,-0.34691115005987555,-0.2857142857142857,-0.4,0.19728240066485883,-0.39436619718309857,0.2,0.5534727824768272,13,0.0,0.0,3.0
8,0.0,-0.016,0.0,0.0,1.5,0.4734982332155477,2.42885044336092,-0.42857142857142855,-0.2,0.04787641146793873,1.408450704225352,1.5,0.3548834408289386,13,0.0,0.0,4.0
9,0.0,-0.656,0.0,0.0,1.0,0.12014134275618374,0.694648286778672,-0.2857142857142857,-0.2,0.053101424752035484,0.5070422535211268,3.8,-0.24407279428050735,13,0.0,0.0,2.0
10,0.0,0.624,0.0,0.0,1.5,1.03886925795053,3.408238335152093,1.1428571428571428,0.8,-0.1204242468799031,2.1971830985915495,3.1,0.07142600205643515,13,2.0,0.0,2.0
11,0.0,0.112,0.0,0.0,2.0,1.0530035335689045,3.5874926405356087,2.7142857142857144,2.0,-0.02292671486891652,1.971830985915493,0.8,-0.0674971282806219,13,2.0,0.0,2.0
12,0.0,-0.656,0.0,0.0,0.0,-0.5865724381625441,-1.452813427588589,-0.2857142857142857,-0.4,-0.041797021488955845,-0.39436619718309857,-0.6,-0.6339257264658479,13,2.0,0.0,2.0
13,0.0,-0.656,0.0,0.0,0.0,-0.5865724381625441,0.5572877531945369,-0.8571428571428571,-0.8,-0.9523407111917871,0.22535211267605634,0.5,0.5346374377004685,13,0.0,0.0,4.0
14,0.0,0.432,0.0,0.0,1.0,0.26148409893992935,3.127566386076672,-0.42857142857142855,-0.4,0.6613517834190321,1.1830985915492958,1.6,1.1000518652091882,13,0.0,0.0,4.0
15,0.0,-0.656,0.0,0.0,1.5,0.4734982332155477,-0.29656093953805696,-0.7142857142857143,-0.6,-0.9523407111917871,-0.5070422535211268,0.0,1.0970431103088742,14,1.0,1.0,3.0
16,0.0,-0.016,0.0,0.0,1.0,0.4028268551236749,0.28284693413512724,0.0,0.4,-0.06593151905078713,-0.22535211267605634,0.2,0.2789235465689797,13,0.0,0.0,4.0
17,0.0,-0.656,0.0,0.0,1.5,0.4734982332155477,1.8083944122452633,0.5714285714285714,0.0,0.6376632879500028,4.169014084507042,-0.2,-0.34398820373188527,13,2.0,0.0,4.0
18,0.0,-0.528,0.0,0.0,1.0,0.12014134275618374,-0.20765971651848616,-0.2857142857142857,0.0,-0.5542464483324365,-0.16901408450704225,0.2,0.03615789036722684,13,2.0,0.0,4.0
19,0.0,-0.272,0.0,0.0,0.0,-0.5865724381625441,-0.10974938012261704,0.8571428571428571,1.2,-0.7098910359556563,0.056338028169014086,-0.6,-0.6339257264658479,12,0.0,0.0,4.0
20,0.0,-0.656,0.0,0.0,0.0,-0.5865724381625441,0.8172237034411265,4.571428571428571,1.0,-0.5393639556817988,0.6197183098591549,-0.6,-0.6339257264658479,13,2.0,0.0,2.0
21,0.0,-0.656,0.0,0.0,0.0,-0.5865724381625441,0.5639272278746958,1.1428571428571428,0.4,-0.07621798688106797,-0.16901408450704225,-0.3,0.4625472074613156,13,2.0,0.0,1.0
22,0.0,-0.656,0.0,0.0,3.0,1.5335689045936396,1.0958644071398482,0.42857142857142855,0.8,0.1285382026649643,0.28169014084507044,-0.6,-0.6339257264658479,12,0.0,0.0,2.0
23,0.0,-0.656,0.0,0.0,1.0,0.12014134275618374,0.8448022424571162,0.2857142857142857,0.4,0.007805195035400586,0.676056338028169,-0.6,-0.6339257264658479,13,2.0,0.0,2.0
24,0.0,-0.144,0.0,0.0,0.5,-0.2332155477031802,1.5024774065642252,0.8571428571428571,0.8,-0.3211968101753289,4.0,3.3,-0.0016424695737132483,13,0.0,0.0,4.0
25,0.0,-0.656,0.0,0.0,1.0,0.12014134275618374,1.0257572214617514,0.2857142857142857,0.0,0.5526638770369535,0.22535211267605634,-0.2,0.15362439980216128,13,2.0,0.0,4.0
26,0.0,-0.4,0.0,0.0,3.5,1.8869257950530036,0.55840431832968,1.8571428571428572,2.0,-0.2585914335246966,1.6338028169014085,0.2,-0.06894643046512985,13,0.0,0.0,2.0
27,0.0,-0.656,0.0,0.0,0.0,-0.5865724381625441,1.0151792204365362,-0.7142857142857143,-0.6,-0.9523407111917871,0.7323943661971831,3.7,0.5010872596316815,13,2.0,0.0,4.0
28,0.0,-0.016,0.0,0.0,0.5,-0.09187279151943463,1.0590159867600109,0.14285714285714285,0.2,-0.5349355428634501,2.1971830985915495,2.3,0.04443678991883155,13,0.0,0.0,3.0
29,0.0,-0.656,0.0,0.0,1.5,0.4734982332155477,1.2631658871789588,0.2857142857142857,0.0,-0.17908981880756525,-0.056338028169014086,0.1,0.17477919601639208,13,2.0,0.0,4.0
30,0.0,-0.656,0.0,0.0,1.0,0.12014134275618374,0.308370172776132,0.0,-0.2,2.222194067740649,-0.056338028169014086,-0.2,0.14537644340685169,13,2.0,0.0,4.0
31,0.0,0.624,0.0,0.0,1.5,1.03886925795053,1.7533654307685713,0.5714285714285714,0.0,-0.2754555188016546,0.5070422535211268,0.2,0.03606837501900378,13,0.0,0.0,2.0
32,0.0,-0.4,0.0,0.0,1.5,0.4734982332155477,0.9643815574312715,0.0,0.2,0.4932784816740987,0.056338028169014086,-0.6,-0.6339257264658479,13,2.0,0.0,4.0
33,0.0,-0.272,0.0,0.0,0.0,-0.4169611307420495,-0.5099402853114646,-0.8571428571428571,-0.8,-0.9523407111917871,0.16901408450704225,0.2,0.2503897712047133,14,0.0,1.0,3.0
34,0.0,-0.272,0.0,0.0,0.5,-0.2332155477031802,1.0211873620942076,0.2857142857142857,0.8,-0.3296916150337469,-0.28169014084507044,-0.6,-0.6339257264658479,14,2.0,1.0,2.0
35,0.0,-0.656,0.0,0.0,0.0,-0.5865724381625441,0.726383175314377,0.5714285714285714,0.6,-0.5859209501574916,0.8450704225352113,0.4,0.8654104542739202,12,2.0,0.0,4.0
36,1.0,-0.48,0.0,0.0,0.0,-0.13427561837455831,0.14709631451600375,0.2857142857142857,0.6,0.497605445300574,1.0140845070422535,0.0,0.16501325637848407,14,0.0,1.0,4.0
37,1.0,-0.608,0.0,0.0,0.0,-0.5300353356890459,-0.002174985059706203,2.2857142857142856,2.2,1.1650987788292229,-0.4507042253521127,-0.5,3.2678858825445336,15,0.0,1.0,2.0
38,0.0,-0.4,0.0,0.0,0.0,-0.5865724381625441,-0.7080191764085105,0.2857142857142857,-0.2,0.11331883701854281,-0.28169014084507044,-0.5,-0.506945777038879,15,0.0,1.0,2.0
39,0.0,0.496,0.0,0.0,0.0,-0.24734982332155478,-0.2574805695013465,0.0,-0.2,0.16498296975280657,-0.22535211267605634,-0.4,-0.10131536568213587,15,2.0,1.0,2.0
40,0.0,-0.144,0.0,0.0,0.0,-0.4734982332155477,-0.2118715548686025,0.42857142857142855,-0.2,0.3616982647833641,-0.28169014084507044,-0.4,0.6954249614998201,15,2.0,1.0,3.0
41,0.0,0.752,0.0,0.0,1.0,0.12014134275618374,-0.2736802088682219,1.7142857142857142,0.8,-0.9523407111917871,-0.39436619718309857,-0.6,-0.6339257264658479,14,2.0,1.0,3.0
42,1.0,0.16,0.0,0.0,0.0,0.09187279151943463,-0.15205754722988615,0.2857142857142857,0.2,-0.46315200984780563,0.4507042253521127,0.2,-0.004820309225422339,15,2.0,1.0,2.0
43,0.0,0.752,0.0,0.0,0.0,-0.5865724381625441,0.18042694965576633,0.7142857142857143,0.8,1.162492339571521,0.11267605633802817,-0.6,-0.6339257264658479,15,2.0,1.0,3.0
44,0.0,-0.528,0.0,0.0,0.0,-0.5865724381625441,-1.5090126183223675,-0.5714285714285714,-0.4,1.778258929357021,-0.5633802816901409,-0.6,-0.6339257264658479,15,0.0,1.0,2.0
45,0.0,-0.4,0.0,0.0,0.0,-0.5865724381625441,-0.3418336269248334,-0.2857142857142857,0.0,0.2830429152338911,-0.3380281690140845,-0.6,-0.6339257264658479,15,2.0,1.0,4.0
46,0.0,0.24,0.0,0.0,0.5,-0.17667844522968199,-0.35692142361021695,-0.5714285714285714,-0.4,2.7869048368100304,-0.4507042253521127,-0.4,-0.5111101859682641,15,2.0,1.0,2.0
47,0.0,0.624,0.0,0.0,0.0,-0.07773851590106007,-1.2973015530895657,-0.7142857142857143,-0.6,-0.14043209358846312,-0.39436619718309857,0.0,0.06235740307207854,15,2.0,1.0,3.0
48,1.0,0.928,0.0,0.0,0.0,0.7137809187279152,-0.2912053819443035,-0.5714285714285714,-0.4,-0.29277883709482716,0.7323943661971831,0.6,1.003131435469735,15,2.0,1.0,2.0
49,1.0,-0.608,0.0,0.0,0.0,0.0353356890459364,-0.21268912965695727,-0.2857142857142857,-0.2,-0.11575307903087498,0.4507042253521127,0.3,0.42540492309377004,15,2.0,1.0,2.0
50,0.0,0.944,0.0,0.0,0.0,0.0353356890459364,-0.5686904126885837,-0.7142857142857143,-0.6,0.11291114246555714,-0.676056338028169,0.4,1.9460830431789096,15,2.0,1.0,3.0
51,0.0,0.24,0.0,0.0,0.0,-0.36042402826855124,-0.45266518681694595,-0.2857142857142857,-0.4,-0.11739992159490632,-0.5070422535211268,0.0,0.354642372673152,15,2.0,1.0,2.0
52,0.0,-0.144,0.0,0.0,0.0,-0.4734982332155477,-0.36772698787074676,-0.5714285714285714,-0.4,5.568996183281398,-0.6197183098591549,-0.3,0.10237678786499635,15,2.0,1.0,4.0
53,1.0,-0.352,0.0,0.0,0.0,0.26148409893992935,-0.4163096725369471,-0.8571428571428571,-0.8,-0.9523407111917871,-0.28169014084507044,0.6,0.45046329780032396,15,2.0,1.0,2.0
54,0.0,0.24,0.0,0.0,0.0,-0.24734982332155478,-0.8214910306216439,-0.5714285714285714,-0.6,5.512141537927492,-0.28169014084507044,0.1,1.045486605109817,15,0.0,1.0,4.0
55,1.0,0.16,0.0,0.0,0.0,-0.24734982332155478,-0.08308743984497956,0.0,0.2,-0.06186614713499973,0.11267605633802817,0.1,1.7008503118058491,16,0.0,1.0,4.0
56,0.0,0.88,0.0,0.0,0.0,-0.36042402826855124,0.07259872270910638,0.42857142857142855,0.8,0.1457136851020062,-0.16901408450704225,0.0,0.7211647141430222,15,2.0,1.0,4.0
57,1.0,0.288,1.0,0.0,0.0,-0.5865724381625441,-0.1600466106175368,2.142857142857143,2.4,-0.28706361011380627,-0.11267605633802817,-0.6,-0.6339257264658479,15,2.0,1.0,2.0
58,0.0,0.88,0.0,0.0,0.0,-0.303886925795053,-0.11887699757022381,0.0,0.2,-0.3417925648985371,1.6901408450704225,0.0,0.5764153812236962,15,2.0,1.0,2.0
59,0.0,0.752,0.0,0.0,1.0,0.5159010600706714,-0.07425231937039067,-0.14285714285714285,0.2,1.000976726913033,0.39436619718309857,-0.2,-0.3132197209998426,14,2.0,1.0,4.0
60,2.0,-0.176,0.0,0.0,0.0,0.9399293286219081,-0.16012128441589557,-0.2857142857142857,0.0,0.8297257466813969,0.5633802816901409,2.0,-0.0821431202450167,14,0.0,1.0,4.0
61,1.0,-0.544,0.0,0.0,1.0,0.5159010600706714,-0.0015172358121074414,0.0,0.4,0.17159142031568167,0.22535211267605634,0.1,0.7373732446537945,14,0.0,1.0,2.0
62,1.0,0.992,0.0,0.0,0.0,0.4028268551236749,-0.4440236869420541,0.5714285714285714,1.2,0.10219549004669361,0.5633802816901409,0.8,-0.042103833325407056,14,0.0,1.0,3.0
63,1.0,0.032,0.0,0.0,0.0,-0.07773851590106007,-0.49327858337015984,0.14285714285714285,0.4,0.7199386946333295,-0.5070422535211268,0.2,0.45029153657376414,14,0.0,1.0,3.0
64,1.0,-0.16,0.0,0.0,0.0,0.007067137809187279,-0.3273432206263198,1.2857142857142858,0.6,0.46860198753477456,-0.39436619718309857,0.3,0.5257333048327633,14,2.0,1.0,4.0
65,0.0,-0.016,0.0,0.0,0.0,-0.36042402826855124,-0.21998605843136176,-0.7142857142857143,-0.6,-0.410346331071342,0.39436619718309857,-0.2,-0.018262410339868158,14,0.0,1.0,2.0
66,1.0,-0.096,0.0,0.0,0.5,0.04946996466431095,-0.5120342507757184,0.7142857142857143,1.4,-0.25169709140478175,0.056338028169014086,-0.1,0.5063188245535103,14,0.0,1.0,2.0
67,0.0,0.496,0.0,0.0,0.5,0.1625441696113074,-0.4143222574331974,-0.42857142857142855,-0.4,-0.5994857007756178,-0.16901408450704225,0.3,-0.08206753902276906,14,0.0,1.0,3.0
68,0.0,-0.208,0.0,0.0,0.0,-0.4734982332155477,-1.5986053118601398,-0.42857142857142855,-0.2,0.28439662721505543,-0.676056338028169,-0.4,0.12336857898407583,14,0.0,1.0,2.0
69,0.0,0.304,0.0,0.0,0.5,-0.2332155477031802,-0.31105636344357485,0.2857142857142857,0.4,2.0770944034724756,-0.22535211267605634,-0.6,-0.6339257264658479,14,0.0,1.0,3.0
70,0.0,0.752,0.0,0.0,0.5,-0.007067137809187279,-0.34431439085845134,1.2857142857142858,0.6,0.4115031337718935,-0.7323943661971831,-0.2,0.39802941762043803,14,2.0,1.0,4.0
71,1.0,0.288,0.0,0.0,1.0,1.0247349823321554,-0.4553758752127041,-0.2857142857142857,-0.4,-0.6028935651679262,1.352112676056338,1.3,0.13301970708983685,14,0.0,1.0,4.0
72,0.0,0.24,0.0,0.0,0.0,-0.19081272084805653,-0.4452615601053609,-0.8571428571428571,-0.8,-0.9523407111917871,0.39436619718309857,0.3,-0.04610606536032574,14,0.0,1.0,4.0
73,0.0,-0.656,0.0,0.0,0.0,-0.5865724381625441,-1.846969221482117,-0.8571428571428571,-0.8,-0.9523407111917871,-0.8450704225352113,-0.4,-0.6339257264658479,14,0.0,1.0,2.0
74,1.0,0.992,0.0,0.0,0.0,0.8551236749116607,-0.5331858255258507,-0.7142857142857143,-0.6,-0.03878881720361471,-0.5633802816901409,1.4,-0.044400596893788745,14,1.0,1.0,2.0
75,1.0,-0.608,0.0,0.0,0.0,-0.1625441696113074,-0.6288310075126121,0.2857142857142857,0.2,-0.4251338629509969,-0.5070422535211268,0.3,0.3358428459789999,13,0.0,0.0,4.0
76,0.0,-0.272,0.0,0.0,0.0,-0.5865724381625441,-1.0114288543541428,0.14285714285714285,0.2,-0.4909106187979943,0.4507042253521127,-0.6,-0.6339257264658479,14,2.0,1.0,4.0
77,0.0,0.624,0.0,0.0,0.0,-0.36042402826855124,-0.31317881120641206,1.1428571428571428,0.4,0.30090039221873904,0.676056338028169,-0.1,-0.0397536375769255,14,0.0,1.0,2.0
78,1.0,-0.16,1.0,0.0,0.5,0.3321554770318021,-0.14008686510761253,0.14285714285714285,0.4,-0.4317181727088067,0.056338028169014086,0.2,0.1666106322608331,14,0.0,1.0,3.0
79,0.0,0.176,0.0,0.0,0.5,-0.2332155477031802,-0.5219499276763602,0.14285714285714285,0.2,0.666058963539831,1.1830985915492958,-0.5,-0.019483890363786116,14,0.0,1.0,2.0
80,2.0,0.912,1.0,1.0,1.0,2.0141342756183747,-0.25921917032835146,-0.2857142857142857,-0.2,-0.45553185959788545,0.11267605633802817,2.6,-0.1904653669672172,14,1.0,1.0,4.0
81,0.0,-0.016,0.0,0.0,0.0,-0.5300353356890459,-0.3355954132283453,0.7142857142857143,0.4,0.2925386978553182,0.6197183098591549,-0.4,0.42882586733250166,14,1.0,1.0,3.0
82,1.0,-0.352,1.0,0.0,0.5,0.4452296819787986,-0.5570021923253192,-0.42857142857142855,-0.2,-0.6094123825205313,-0.5633802816901409,0.3,-0.15685909140794482,14,1.0,1.0,3.0
83,2.0,-0.176,0.0,0.0,0.5,0.7279151943462897,0.1880098820294181,2.2857142857142856,1.6,-0.38014653735658516,1.5211267605633803,1.4,-0.16954240661910785,14,2.0,1.0,2.0
84,1.0,-0.48,0.0,0.0,0.5,0.10600706713780919,0.8901646564632645,1.0,1.0,0.48547964225472806,0.8450704225352113,0.0,-0.1362813610973569,14,0.0,1.0,4.0
85,2.0,0.272,0.0,0.0,0.5,0.7279151943462897,0.8413397984707662,2.142857142857143,2.2,-0.22577213759870635,1.4647887323943662,0.7,0.07071936575035369,14,0.0,1.0,3.0
86,1.0,-0.544,0.0,0.0,0.0,-0.13427561837455831,0.5547730466253015,-0.14285714285714285,0.2,1.3915392299656606,-0.056338028169014086,0.1,0.38851560675458685,14,0.0,1.0,3.0
87,1.0,0.032,0.0,0.0,0.0,0.12014134275618374,0.5554158906285638,0.2857142857142857,0.0,-0.41929598793892037,0.7887323943661971,0.3,0.397391768187196,14,1.0,1.0,4.0
88,1.0,-0.608,0.0,0.0,0.0,-0.4734982332155477,-0.5785504531821479,2.2857142857142856,1.2,-0.27667635946680424,0.5633802816901409,-0.4,-0.1689632265416253,14,2.0,1.0,4.0
89,0.0,0.624,0.0,0.0,0.5,-0.007067137809187279,0.0339458823045013,0.42857142857142855,0.4,-0.06243051570375686,0.4507042253521127,0.2,0.11484527150344802,14,0.0,1.0,2.0
90,2.0,0.848,1.0,1.0,2.5,2.537102473498233,0.9838985729114008,1.4285714285714286,2.2,-0.22504492259281944,1.1830985915492958,1.6,-0.11148715417756552,14,0.0,1.0,3.0
91,0.0,-0.4,0.0,0.0,1.5,0.5300353356890459,0.18058190516619457,-0.7142857142857143,-0.6,-0.9523407111917871,-0.056338028169014086,-0.4,0.18591794556241156,14,0.0,1.0,4.0
92,2.0,0.208,1.0,0.0,0.0,0.8268551236749117,0.613697462057483,0.7142857142857143,0.6,0.3181285050555412,0.3380281690140845,2.1,0.16881140510090745,14,0.0,1.0,4.0
93,1.0,-0.032,1.0,0.0,0.0,-0.13427561837455831,0.5519006141919915,0.7142857142857143,0.8,0.16983520130279461,0.056338028169014086,0.1,-0.12336556012908168,14,0.0,1.0,4.0
94,1.0,0.544,0.0,0.0,0.0,0.3745583038869258,0.07075608032509934,0.14285714285714285,0.6,0.036333043335510316,-0.5633802816901409,0.6,0.6218827656921349,14,0.0,1.0,2.0
95,1.0,1.056,0.0,0.0,0.0,0.6007067137809188,0.7505423627335834,0.14285714285714285,0.2,0.6513772517956277,0.39436619718309857,1.3,0.1593551164564421,13,0.0,0.0,3.0
96,1.0,0.736,1.0,1.0,0.5,0.7279151943462897,0.8707240857016131,0.5714285714285714,0.6,1.9145642291275302,0.676056338028169,0.5,1.1579657687062455,14,0.0,1.0,2.0
97,1.0,0.48,0.0,0.0,0.5,0.558303886925795,0.4743514318663941,1.1428571428571428,0.6,-0.1681411889843927,1.0140845070422535,0.8,0.24546231209938052,13,0.0,0.0,2.0
98,2.0,1.04,1.0,0.0,1.0,1.9858657243816253,0.7094818088502766,1.5714285714285714,1.0,-0.6751163759693716,-0.5070422535211268,2.2,-0.06331513976503463,14,0.0,1.0,3.0
99,1.0,-0.48,0.0,0.0,0.0,-0.4169611307420495,0.5196314980870005,1.2857142857142858,1.0,0.40461355777405583,1.1830985915492958,-0.2,1.266158648042859,14,0.0,1.0,3.0
100,0.0,0.752,0.0,0.0,1.0,0.6289752650176679,-0.4225623487477418,-0.5714285714285714,-0.4,-0.47532376681675215,-0.056338028169014086,0.2,0.326434549559382,14,0.0,1.0,2.0
101,0.0,0.304,0.0,0.0,1.0,0.4028268551236749,0.3005772387916805,-0.42857142857142855,-0.6,1.1213937401271663,-0.39436619718309857,-0.4,0.3248742496671626,13,0.0,0.0,4.0
102,0.0,-0.656,0.0,0.0,1.0,0.12014134275618374,0.5427998556995256,-0.5714285714285714,-0.4,0.7734292220521586,0.0,-0.6,-0.6339257264658479,13,2.0,0.0,3.0
103,3.0,1.296,0.0,0.0,0.0,0.8268551236749117,1.0688159635461996,1.8571428571428572,1.8,0.27842238370641237,-0.3380281690140845,0.5,0.26287080233604077,13,2.0,0.0,3.0
104,5.0,2.72,1.0,0.0,0.5,5.420494699646643,1.7613876989084565,4.857142857142857,0.6,0.25444815402536153,1.9154929577464788,3.6,0.13836339026005842,13,0.0,0.0,3.0
105,0.0,-0.336,0.0,0.0,1.0,0.12014134275618374,-0.10858647591102219,-0.42857142857142855,-0.6,-0.32201533119770753,-0.4507042253521127,-0.6,-0.6339257264658479,13,0.0,0.0,2.0
106,0.0,0.304,0.0,0.0,1.0,0.5441696113074205,0.43136352658671306,-0.8571428571428571,-0.8,-0.9523407111917871,0.056338028169014086,-0.2,1.6150753525208492,13,2.0,0.0,2.0
107,3.0,0.336,0.0,0.0,1.0,2.2402826855123674,1.4513919690395938,0.0,0.2,-0.07885395408290173,1.0140845070422535,1.0,-0.08800535695344669,13,0.0,0.0,3.0
108,0.0,-0.016,0.0,0.0,1.0,0.12014134275618374,0.34684134629184454,0.8571428571428571,-0.2,0.22336331634428402,1.1830985915492958,-0.6,-0.6339257264658479,13,2.0,0.0,2.0
109,3.0,1.328,0.0,0.0,0.5,2.4664310954063606,-0.01786445185558117,-0.14285714285714285,0.2,0.37239795850644475,-0.16901408450704225,3.4,-0.6028782099721101,13,0.0,0.0,2.0
110,2.0,-0.176,1.0,0.0,0.0,0.5441696113074205,0.7444256046419359,0.0,0.0,0.8120602851185773,2.647887323943662,0.5,0.039700205807342355,13,0.0,0.0,2.0
111,1.0,-0.352,0.0,0.0,0.0,-0.4452296819787986,0.8516495050979256,0.5714285714285714,0.4,0.66343018756728,1.295774647887324,-0.5,-0.38984206561078344,13,2.0,0.0,3.0
112,1.0,0.928,0.0,0.0,0.5,0.4734982332155477,0.603888040363992,0.14285714285714285,0.4,0.6043638306095168,-0.39436619718309857,-0.1,-0.08595125762824501,13,2.0,0.0,2.0
113,0.0,-0.336,0.0,0.0,0.5,-0.2332155477031802,0.39169786745061363,-0.5714285714285714,-0.4,-0.9523407111917871,-0.6197183098591549,-0.6,-0.6339257264658479,12,0.0,0.0,4.0
114,0.0,-0.656,0.0,0.0,0.0,-0.5865724381625441,-1.5333825452357563,-0.7142857142857143,-0.6,2.746216653229939,-0.7323943661971831,-0.6,-0.6339257264658479,13,2.0,0.0,3.0
115,4.0,2.496,0.0,0.0,0.0,3.371024734982332,1.508792212555868,0.5714285714285714,0.6,2.8892817158991315,0.16901408450704225,2.3,0.17799365035290043,13,0.0,0.0,2.0
116,3.0,0.656,1.0,0.0,0.0,1.1095406360424027,0.7409460417611003,1.2857142857142858,1.4,-0.29265367442533174,0.16901408450704225,0.7,0.06723856067170421,13,0.0,0.0,3.0
117,0.0,0.624,0.0,0.0,1.0,0.5441696113074205,-0.20618970524289018,-0.7142857142857143,-0.6,-0.5101846710231315,-0.28169014084507044,-0.2,1.1880013259331088,13,0.0,0.0,2.0
118,2.0,-0.496,0.0,0.0,1.0,1.5335689045936396,0.5801417724859077,-0.7142857142857143,-0.6,-0.07978646846184392,1.0140845070422535,0.7,-0.12100851823125389,12,0.0,0.0,2.0
119,3.0,-0.624,0.0,0.0,1.0,1.5335689045936396,0.3189458125745216,0.42857142857142855,0.6,-0.1696023683632805,0.7323943661971831,0.5,1.0684473492504223,12,2.0,0.0,3.0
120,0.0,0.624,0.0,0.0,0.0,-0.5865724381625441,-0.5862709270183896,0.2857142857142857,0.2,0.050704326785234004,-0.6197183098591549,-0.6,-0.6339257264658479,11,2.0,1.0,4.0
121,2.0,0.464,1.0,0.0,1.0,1.5335689045936396,0.40226170111487536,0.0,0.2,-0.4604008816773962,0.11267605633802817,0.5,0.45440996939197364,12,0.0,0.0,3.0
122,3.0,0.016,0.0,0.0,1.0,2.381625441696113,0.8000977252752434,0.0,0.0,1.1304061272453398,1.2394366197183098,1.0,0.3629985270659251,12,2.0,0.0,3.0
123,1.0,0.288,0.0,0.0,0.0,-0.1625441696113074,0.08112171851268979,0.2857142857142857,0.4,-0.05942839318915117,0.0,-0.3,0.28092677134244265,11,0.0,1.0,4.0
124,3.0,-0.624,0.0,0.0,0.0,1.392226148409894,-0.31740570237754145,0.0,-0.2,-0.028349683175389884,-0.5633802816901409,0.9,0.8870000516028586,12,2.0,0.0,4.0
125,1.0,0.608,0.0,0.0,0.5,0.7561837455830389,-0.43360728237771407,-0.42857142857142855,-0.2,2.3523229641537933,-0.39436619718309857,0.2,-0.19571999243992552,11,0.0,1.0,3.0
126,1.0,0.928,1.0,0.0,0.0,0.12014134275618374,0.4248161397527515,-0.14285714285714285,0.2,0.16832162652166618,-0.22535211267605634,0.1,1.148136760944702,12,0.0,0.0,4.0
127,8.0,8.4,1.0,1.0,1.0,16.720848056537104,0.9957802662976856,1.5714285714285714,2.4,0.12125401061266854,0.11267605633802817,12.3,-0.31873564068953897,11,0.0,1.0,1.0
128,2.0,-0.496,1.0,0.0,0.5,0.6148409893992933,-0.08749275121811634,-0.14285714285714285,0.2,0.1986027955836215,-0.11267605633802817,0.1,0.007823533322132642,12,0.0,0.0,3.0
129,7.0,-0.176,0.0,0.0,0.0,9.1660777385159,0.48041506235446635,2.0,0.6,0.3164469471572102,-0.22535211267605634,7.7,-0.10033590163174583,12,2.0,0.0,4.0
130,0.0,-0.336,0.0,0.0,0.0,-0.5865724381625441,-0.5823248742628269,-0.14285714285714285,-0.4,-0.9523407111917871,-0.8450704225352113,-0.6,-0.6339257264658479,11,2.0,1.0,3.0
131,2.0,-0.496,0.0,0.0,0.5,0.6148409893992933,-0.21328371608697194,-0.14285714285714285,0.2,1.376406331384282,1.6338028169014085,0.5,-0.4782022752948807,12,0.0,0.0,3.0
132,4.0,2.496,0.0,0.0,0.0,3.9363957597173145,-0.3244589820588821,-0.2857142857142857,-0.2,0.9988013086740081,0.16901408450704225,3.4,0.00164246957371317,12,0.0,0.0,3.0
133,0.0,0.944,0.0,0.0,0.0,-0.5865724381625441,0.02917074377980938,1.0,0.2,0.6483215473496732,0.0,-0.5,1.1130360585027972,11,1.0,1.0,4.0
134,1.0,0.288,0.0,0.0,1.0,0.9681978798586572,0.08826900453702356,-0.5714285714285714,-0.4,1.1060517571367967,0.6197183098591549,0.1,-0.0915083103191877,12,2.0,0.0,4.0
135,0.0,0.624,0.0,0.0,0.0,-0.303886925795053,-0.3333879612997875,-0.5714285714285714,-0.4,3.311932897151251,-0.22535211267605634,-0.2,0.35936409816200143,13,2.0,0.0,4.0
136,0.0,-0.336,0.0,0.0,0.0,-0.5865724381625441,-0.7737592730727095,-0.42857142857142855,-0.6,-0.9523407111917871,-0.8450704225352113,-0.6,-0.6339257264658479,13,2.0,0.0,4.0
137,0.0,0.944,0.0,0.0,0.0,-0.4452296819787986,0.17638674298053356,-0.14285714285714285,0.0,-0.15104895329830176,0.16901408450704225,-0.5,0.34546587234495385,13,0.0,0.0,4.0
138,0.0,0.624,0.0,0.0,0.0,-0.4452296819787986,-0.6030486242275007,-0.2857142857142857,-0.2,-0.47903187376638334,0.16901408450704225,-0.5,8.210932916833112,12,0.0,0.0,4.0
139,2.0,-0.176,0.0,0.0,0.0,0.9681978798586572,-0.4242500356213203,-0.5714285714285714,-0.6,0.5430429408392395,0.6197183098591549,0.6,0.4014021958903662,13,2.0,0.0,2.0
140,0.0,0.304,0.0,0.0,0.0,-0.4452296819787986,-0.2686004720830308,-0.2857142857142857,-0.2,2.1596396232783457,-0.7323943661971831,-0.5,-0.6339257264658479,13,1.0,0.0,4.0
141,0.0,0.624,0.0,0.0,0.0,-0.303886925795053,-1.1637853919308172,-0.42857142857142855,-0.4,1.6650640963890833,-0.3380281690140845,-0.4,-0.10642988539662146,12,1.0,0.0,4.0
142,0.0,0.304,0.0,0.0,0.0,-0.5865724381625441,-0.6363091604458793,-0.2857142857142857,0.0,0.30725199373134915,-0.6197183098591549,-0.6,-0.6339257264658479,13,1.0,0.0,3.0
143,0.0,-0.656,0.0,0.0,0.0,-0.5865724381625441,-1.4741755204678888,-0.8571428571428571,-0.8,-0.9523407111917871,-0.8450704225352113,-0.6,-0.6339257264658479,13,1.0,0.0,3.0
144,0.0,0.304,0.0,0.0,0.0,-0.5865724381625441,-0.02315728936178031,-0.14285714285714285,-0.2,0.35433301218292673,0.3380281690140845,-0.5,2.8548088151706565,13,1.0,0.0,4.0
145,1.0,-0.352,0.0,0.0,1.0,0.26148409893992935,-0.7663922453769207,0.7142857142857143,0.2,-0.9523407111917871,-0.5633802816901409,-0.4,-0.6339257264658479,13,0.0,0.0,3.0
146,1.0,-0.352,0.0,0.0,0.0,-0.1625441696113074,0.041797109076209114,-0.42857142857142855,-0.2,-0.03468198386254934,0.4507042253521127,-0.2,0.15426308756490945,13,2.0,0.0,4.0
147,1.0,0.608,0.0,0.0,0.0,0.6855123674911661,0.058741863083229484,-0.8571428571428571,-0.8,-0.9523407111917871,-0.056338028169014086,0.5,3.2955071557463214,13,0.0,0.0,4.0
148,0.0,0.944,0.0,0.0,0.0,-0.02120141342756184,-0.12765161160740737,-0.5714285714285714,-0.4,4.396405039438127,-0.7323943661971831,-0.2,0.41932142263667654,13,0.0,0.0,4.0
149,0.0,-0.656,0.0,0.0,0.0,-0.5865724381625441,-1.8555479274811162,-0.8571428571428571,-0.8,-0.9523407111917871,-0.8450704225352113,-0.6,-0.6339257264658479,13,0.0,0.0,0.0
150,0.0,-0.656,0.0,0.0,0.0,-0.5865724381625441,-2.1499195324335534,-0.8571428571428571,-0.8,-0.9523407111917871,-0.8450704225352113,-0.6,-0.6339257264658479,13,2.0,0.0,4.0
151,0.0,-0.656,0.0,0.0,0.0,-0.5865724381625441,-1.452288792503282,-0.8571428571428571,-0.8,-0.9523407111917871,-0.8450704225352113,-0.6,-0.6339257264658479,12,0.0,0.0,4.0
152,0.0,-0.336,0.0,0.0,0.0,-0.5865724381625441,-0.10599207793642353,0.5714285714285714,-0.4,0.8765680179981,-0.11267605633802817,-0.6,-0.6339257264658479,13,0.0,0.0,4.0
153,2.0,-0.496,0.0,0.0,0.0,-0.1625441696113074,0.9407078972780737,0.7142857142857143,1.0,3.568100508355007,-0.6197183098591549,-0.3,1.7308741752556405,13,0.0,0.0,2.0
154,0.0,0.624,0.0,0.0,1.0,0.12014134275618374,-0.916720046380398,0.0,0.0,0.7607225376350297,-0.28169014084507044,-0.6,-0.6339257264658479,13,0.0,0.0,3.0
155,1.0,-0.352,0.0,0.0,0.0,0.12014134275618374,-0.7769532750843272,-0.7142857142857143,-0.6,1.72024331896695,-0.7887323943661971,0.0,-0.23882018500525407,13,0.0,0.0,2.0
156,0.0,0.624,0.0,0.0,0.5,0.3321554770318021,0.18928140267498933,-0.8571428571428571,-0.8,-0.9523407111917871,0.16901408450704225,-0.1,2.898291848053165,13,0.0,0.0,2.0
157,0.0,0.944,0.0,0.0,0.0,-0.303886925795053,-0.5372747325043608,-0.2857142857142857,0.0,0.2854881633898937,-0.676056338028169,-0.4,0.495020037768725,12,0.0,0.0,3.0
158,3.0,0.976,0.0,0.0,0.0,-0.5865724381625441,0.043775079272656545,4.142857142857143,3.6,0.09175918860268463,-0.28169014084507044,-0.6,-0.6339257264658479,13,2.0,0.0,3.0
159,1.0,0.928,0.0,0.0,0.5,-0.09187279151943463,0.483242041171384,1.5714285714285714,1.4,0.20040147133180966,0.28169014084507044,-0.4,-0.5888948756432885,13,2.0,0.0,2.0
160,3.0,-0.624,0.0,0.0,0.5,1.8869257950530036,0.8495801849386638,-0.2857142857142857,0.0,-0.45038674524567746,-0.3380281690140845,1.1,0.14635380761523,13,0.0,0.0,4.0
161,0.0,-0.336,0.0,0.0,0.5,-0.2332155477031802,-0.23127759268792986,-0.7142857142857143,-0.6,-0.9523407111917871,-0.6197183098591549,-0.5,1.6672331019566342,13,0.0,0.0,2.0
162,2.0,-0.496,0.0,0.0,0.0,-0.02120141342756184,0.3990002565620523,0.2857142857142857,0.8,0.33863950651504776,0.7323943661971831,-0.2,0.8795654802760725,13,2.0,0.0,2.0
163,1.0,-0.032,0.0,0.0,0.0,-0.02120141342756184,-0.7315792025207277,-0.2857142857142857,0.0,-0.16702685045692325,-0.4507042253521127,-0.1,0.168635385949738,13,2.0,0.0,3.0
164,0.0,-0.656,0.0,0.0,0.0,-0.5865724381625441,-2.047207297710931,-0.7142857142857143,-0.6,-0.9523407111917871,-0.8450704225352113,-0.6,-0.6339257264658479,13,0.0,0.0,4.0
165,0.0,-0.016,0.0,0.0,1.5,0.6148409893992933,0.3565005349285585,-0.7142857142857143,-0.6,-0.9523407111917871,-0.22535211267605634,-0.4,1.506920852272787,13,0.0,0.0,2.0
166,4.0,-0.384,0.0,0.0,0.0,2.664310954063604,0.3817317193265752,1.2857142857142858,-0.2,-0.6185123481384797,1.9154929577464788,2.3,-0.0836211178068428,12,0.0,0.0,2.0
167,0.0,-0.656,0.0,0.0,0.0,-0.5865724381625441,-0.7428416641720059,-0.7142857142857143,-0.6,-0.9523407111917871,-0.39436619718309857,-0.6,-0.6339257264658479,12,0.0,0.0,3.0
168,0.0,-0.4,0.0,0.0,0.0,-0.5300353356890459,-0.11520410924304454,-0.5714285714285714,-0.4,0.3688673335833323,-0.4507042253521127,-0.4,-0.46138164519318253,13,0.0,0.0,2.0
169,0.0,-0.144,0.0,0.0,0.0,-0.4169611307420495,0.01783567440364477,-0.42857142857142855,-0.4,-0.3525241533187804,0.9014084507042254,-0.2,-0.3566861766153441,12,0.0,0.0,2.0
170,1.0,0.544,1.0,0.0,0.0,0.09187279151943463,-0.0662203111698499,0.7142857142857143,1.0,0.31202679692073193,-0.056338028169014086,0.4,0.02215479054854218,12,0.0,0.0,3.0
171,0.0,0.752,0.0,0.0,0.5,0.38869257950530034,0.17590062540781892,-0.8571428571428571,-0.8,-0.9523407111917871,-0.3380281690140845,1.3,0.2914269157038286,12,0.0,0.0,2.0
172,0.0,0.688,0.0,0.0,0.0,-0.1625441696113074,-0.9307266963330221,-0.14285714285714285,-0.2,0.24372305327140853,-0.5633802816901409,0.0,1.2207668688621303,12,2.0,0.0,4.0
173,0.0,0.752,0.0,0.0,0.5,0.2756183745583039,-0.08707186253645789,-0.42857142857142855,-0.2,1.3978658472306422,0.7887323943661971,0.8,0.48553563231694935,12,2.0,0.0,4.0
174,1.0,0.992,0.0,0.0,0.0,0.3745583038869258,0.02433008121070725,0.42857142857142855,1.0,0.40513299953915305,-0.16901408450704225,0.8,-0.060988551994153664,12,0.0,0.0,3.0
175,0.0,0.24,0.0,0.0,0.0,-0.5300353356890459,0.07972918499230794,0.5714285714285714,0.6,3.1132561983410802,-0.22535211267605634,-0.3,1.3281495855257723,13,1.0,0.0,4.0
176,4.0,1.088,0.0,0.0,0.5,3.724381625441696,0.06609678949153738,0.14285714285714285,0.2,0.8425247971031056,-0.11267605633802817,8.0,-0.25550586660388147,12,0.0,0.0,1.0
177,0.0,0.368,0.0,0.0,0.5,-0.007067137809187279,0.4554846392233571,0.42857142857142855,0.0,0.5434001253597119,-0.5070422535211268,0.0,1.1158968611022817,13,2.0,0.0,1.0
178,0.0,-0.016,0.0,0.0,0.0,-0.5300353356890459,0.7040368197905046,0.2857142857142857,0.4,3.5590358141877494,0.056338028169014086,-0.5,0.9187567977582723,13,2.0,0.0,4.0
179,0.0,-0.4,0.0,0.0,0.0,-0.5865724381625441,0.49452870539762434,0.2857142857142857,-0.2,-0.016775786982935217,0.0,-0.6,-0.6339257264658479,12,2.0,0.0,2.0
180,0.0,-0.272,0.0,0.0,0.0,-0.5865724381625441,0.5732242633470376,0.2857142857142857,0.0,0.5290147986105223,0.3380281690140845,-0.6,-0.6339257264658479,12,2.0,0.0,3.0
181,0.0,-0.4,0.0,0.0,0.0,-0.5865724381625441,0.31811702195874536,1.0,-0.2,1.200778358270742,0.22535211267605634,-0.6,-0.6339257264658479,12,2.0,0.0,3.0
182,0.0,0.496,0.0,0.0,0.0,-0.13427561837455831,0.43719073923887475,-0.5714285714285714,-0.6,1.9221376358933355,-0.5633802816901409,0.1,-0.08226001696250705,12,0.0,0.0,4.0
183,1.0,-0.48,0.0,0.0,0.0,0.09187279151943463,0.06293200766188589,-0.5714285714285714,-0.4,1.5523849200721855,0.11267605633802817,0.9,0.3345638516267564,12,0.0,0.0,2.0
184,0.0,-0.656,0.0,0.0,0.0,-0.5865724381625441,-0.979986536579794,-0.8571428571428571,-0.8,-0.9523407111917871,-0.8450704225352113,-0.5,-0.6339257264658479,12,0.0,0.0,4.0
185,0.0,-0.016,0.0,0.0,0.0,-0.5865724381625441,0.7392731125551817,0.2857142857142857,-0.2,-0.1790502200070862,-0.4507042253521127,-0.5,-0.3374040258308596,12,0.0,0.0,4.0
186,0.0,0.624,0.0,0.0,0.0,-0.36042402826855124,0.4303576439590188,0.0,0.4,0.9318225279685222,-0.4507042253521127,-0.2,0.9283718000352135,11,2.0,0.0,0.0
187,0.0,0.24,0.0,0.0,0.0,-0.24734982332155478,-0.7971258261619062,-0.7142857142857143,-0.6,-0.18653517875117065,-0.39436619718309857,0.2,1.8301738254281241,12,0.0,0.0,4.0
188,0.0,0.368,0.0,0.0,0.0,-0.24734982332155478,-0.4755094660476612,0.14285714285714285,0.0,-0.1047110700699794,-0.28169014084507044,0.1,0.9421389192066895,12,0.0,0.0,4.0
189,1.0,0.352,0.0,1.0,0.0,-0.5865724381625441,0.7931244321526191,1.2857142857142858,1.4,-0.9523407111917871,-0.7323943661971831,-0.6,-0.6339257264658479,12,0.0,0.0,4.0
190,1.0,-0.288,0.0,0.0,0.0,-0.04946996466431095,-0.4444926856202836,-0.2857142857142857,0.0,0.4661566069227715,-0.6197183098591549,0.5,0.5752830078759071,12,0.0,0.0,3.0
191,0.0,-0.4,0.0,0.0,0.0,-0.5865724381625441,-0.7644867353286832,-0.42857142857142855,-0.2,-0.9523407111917871,-0.8450704225352113,-0.6,-0.6339257264658479,12,2.0,0.0,2.0
192,0.0,0.816,0.0,0.0,1.0,0.657243816254417,-0.21322055326938788,-0.5714285714285714,-0.4,-0.30222249032776916,1.295774647887324,0.5,0.33310884681292285,12,0.0,0.0,2.0
193,0.0,-0.144,0.0,0.0,0.0,-0.5865724381625441,-1.48820659436049,-0.2857142857142857,-0.2,1.9744518381685123,-0.676056338028169,-0.6,-0.6339257264658479,12,0.0,0.0,3.0
194,0.0,-0.656,0.0,0.0,0.0,-0.5865724381625441,-1.8583647604015177,-0.5714285714285714,-0.4,-0.6720610335375626,-0.676056338028169,-0.6,-0.6339257264658479,12,0.0,0.0,2.0
195,0.0,0.752,0.0,0.0,0.0,-0.13427561837455831,-0.5629912965917093,-0.42857142857142855,-0.2,0.1157990237921193,0.39436619718309857,0.2,0.4870547438389647,12,2.0,0.0,3.0
196,0.0,-0.016,0.0,0.0,0.0,-0.5865724381625441,-0.5646668821778067,0.7142857142857143,0.6,0.8407788626188724,-0.3380281690140845,-0.6,-0.6339257264658479,12,2.0,0.0,3.0
197,0.0,-0.656,0.0,0.0,0.0,-0.5865724381625441,-1.7245946566765127,-0.7142857142857143,-0.6,-0.9523407111917871,-0.7887323943661971,-0.6,-0.6339257264658479,12,2.0,0.0,3.0
198,0.0,-0.528,0.0,0.0,0.5,-0.2332155477031802,-0.9400792206357648,-0.5714285714285714,-0.4,0.4812885894459792,-0.28169014084507044,-0.6,-0.6339257264658479,12,2.0,0.0,3.0
199,0.0,0.432,0.0,0.0,0.0,-0.5865724381625441,-0.5950865673716675,0.7142857142857143,0.4,0.6197317801513688,-0.3380281690140845,-0.6,-0.6339257264658479,12,0.0,0.0,2.0
200,0.0,-0.4,0.0,0.0,0.0,-0.5865724381625441,-1.5464295778488,0.0,0.0,0.20722300279283976,-0.6197183098591549,-0.6,-0.6339257264658479,11,0.0,0.0,2.0
201,0.0,-0.528,0.0,0.0,0.0,-0.5865724381625441,-1.6356353991288697,-0.5714285714285714,-0.4,-0.18750208099755888,-0.5633802816901409,-0.6,-0.6339257264658479,12,0.0,0.0,4.0
202,0.0,-0.144,0.0,0.0,0.0,-0.5865724381625441,-0.5941047397422589,0.42857142857142855,0.4,-0.13214598635988922,0.39436619718309857,-0.6,-0.6339257264658479,11,0.0,0.0,4.0
203,1.0,-0.608,0.0,0.0,0.5,0.13427561837455831,-0.40531786651055024,0.2857142857142857,0.6,0.13987291378121292,0.5070422535211268,-0.1,0.3937770413417267,12,2.0,0.0,4.0
204,0.0,0.112,0.0,0.0,0.0,-0.4169611307420495,-0.7553253228221354,-0.42857142857142855,-0.2,0.21493811828003598,-0.676056338028169,-0.1,2.682420031974814,12,2.0,0.0,3.0
205,1.0,-0.352,0.0,0.0,1.0,0.6855123674911661,-0.48725819284833094,-0.2857142857142857,0.0,-0.16359964050086853,-0.11267605633802817,0.1,0.27042200872048067,12,0.0,0.0,4.0
206,0.0,0.56,0.0,0.0,0.0,-0.21908127208480566,-0.09704819345118167,-0.14285714285714285,0.2,-0.2697359048754862,0.3380281690140845,0.0,0.44864688450582163,12,2.0,0.0,3.0
207,1.0,0.032,0.0,0.0,1.0,0.6289752650176679,0.4922994121209299,0.2857142857142857,0.6,-0.04224888961535122,0.3380281690140845,0.6,-0.08055947387942755,12,0.0,0.0,4.0
208,0.0,0.368,0.0,0.0,0.5,-0.2332155477031802,0.31710612172404684,1.0,0.8,3.4445486287248968,-0.7323943661971831,-0.6,-0.6339257264658479,12,2.0,0.0,4.0
209,0.0,0.24,0.0,0.0,0.5,-0.2332155477031802,0.23668421181178603,0.7142857142857143,1.0,0.21081499094282502,0.5070422535211268,-0.6,-0.6339257264658479,12,2.0,0.0,4.0
210,1.0,-0.48,0.0,0.0,1.5,0.5865724381625441,0.46396144352716523,0.7142857142857143,1.4,1.0908525832476785,-0.11267605633802817,0.0,1.0804093362251002,11,0.0,0.0,4.0
211,0.0,0.112,0.0,0.0,0.0,-0.5865724381625441,0.39827742600007365,0.14285714285714285,0.4,2.2542939253658316,0.3380281690140845,-0.6,-0.6339257264658479,12,1.0,0.0,4.0
212,0.0,0.176,0.0,0.0,1.0,0.12014134275618374,0.4847629664004064,0.14285714285714285,0.6,0.794567731160017,1.8591549295774648,-0.6,-0.6339257264658479,12,0.0,0.0,2.0
213,0.0,0.496,0.0,0.0,1.0,0.4028268551236749,0.6343407827334108,-0.14285714285714285,0.0,1.1117373185117823,0.0,0.0,0.6416010658805456,12,0.0,0.0,3.0
214,1.0,-0.608,0.0,0.0,0.5,-0.2332155477031802,0.312671442592267,1.0,1.0,1.2177502251639096,-0.7887323943661971,-0.6,-0.6339257264658479,12,2.0,0.0,2.0
215,0.0,0.304,0.0,0.0,0.0,-0.5865724381625441,0.10244522009105923,0.5714285714285714,0.6,1.2817774233184278,0.39436619718309857,-0.6,-0.6339257264658479,12,2.0,0.0,3.0
216,0.0,0.56,0.0,0.0,1.0,0.2332155477031802,0.22939672794468413,0.2857142857142857,0.8,1.5245211127560232,-0.5070422535211268,-0.4,0.1523309830766568,12,2.0,0.0,4.0
217,0.0,-0.016,0.0,0.0,0.0,-0.5300353356890459,-0.4218588507303976,-0.2857142857142857,0.0,0.8241493181130646,-0.22535211267605634,-0.4,0.43787904161363167,12,2.0,0.0,4.0
218,0.0,0.688,0.0,0.0,1.0,0.12014134275618374,0.7963643305106588,0.14285714285714285,0.2,0.6895948870406378,0.056338028169014086,-0.6,-0.6339257264658479,12,0.0,0.0,2.0
219,0.0,-0.336,0.0,0.0,0.0,-0.5865724381625441,-0.10248609883047698,-0.2857142857142857,-0.2,-0.9523407111917871,-0.676056338028169,-0.6,-0.6339257264658479,11,0.0,0.0,4.0
220,1.0,0.928,0.0,0.0,0.5,0.784452296819788,0.5415714274435212,0.5714285714285714,0.6,0.7713807401089599,-0.5070422535211268,1.5,-0.0809908421316428,12,2.0,0.0,2.0
221,0.0,-0.272,0.0,0.0,1.0,0.12014134275618374,0.7082415744601442,-0.2857142857142857,-0.2,-0.09689904222737948,-0.5633802816901409,-0.6,-0.6339257264658479,12,0.0,0.0,2.0
222,0.0,0.624,0.0,0.0,0.5,-0.0636042402826855,0.8134734849354097,1.0,0.8,0.06340984658694372,0.676056338028169,-0.4,-0.39140971069315594,12,1.0,0.0,4.0
223,0.0,-0.656,0.0,0.0,0.0,-0.5865724381625441,-1.0548205294209967,-0.2857142857142857,-0.4,-0.08448913009771084,-0.6197183098591549,-0.6,-0.6339257264658479,12,0.0,0.0,2.0
224,1.0,-0.528,1.0,0.0,1.0,0.17667844522968199,1.65957012242297,1.5714285714285714,1.6,0.1953455805839964,-0.28169014084507044,-0.5,-0.6339257264658479,11,2.0,0.0,1.0
225,0.0,0.112,0.0,0.0,1.0,0.17667844522968199,2.092927557487203,0.2857142857142857,0.4,0.3421263712424719,-0.5633802816901409,-0.5,-0.6339257264658479,12,2.0,0.0,4.0
226,0.0,-0.656,0.0,0.0,0.0,-0.5865724381625441,-1.8214894072782013,-0.5714285714285714,-0.4,-0.9523407111917871,-0.8450704225352113,-0.6,-0.6339257264658479,13,0.0,0.0,3.0
227,0.0,-0.656,0.0,0.0,0.0,-0.5865724381625441,-1.940060644421598,-0.7142857142857143,-0.6,-0.9523407111917871,-0.8450704225352113,-0.6,-0.6339257264658479,12,0.0,0.0,4.0
228,0.0,0.88,0.0,0.0,0.0,-0.19081272084805653,1.6487427168143036,0.0,0.2,1.027597656184754,0.28169014084507044,-0.2,0.3954642597517461,12,0.0,0.0,4.0
229,0.0,0.752,0.0,0.0,1.5,0.7561837455830389,1.809533113881896,0.2857142857142857,0.4,-0.16687753987499443,2.084507042253521,0.2,-0.13777846762978743,12,0.0,0.0,4.0
230,0.0,0.24,0.0,0.0,0.0,-0.4169611307420495,0.7343216199019544,0.2857142857142857,0.2,1.1397113662008884,0.6197183098591549,-0.1,0.3172418140904739,12,0.0,0.0,3.0
231,1.0,0.16,0.0,0.0,0.5,0.4169611307420495,0.844437137759212,0.7142857142857143,0.8,0.15294623470888533,1.0140845070422535,0.5,0.189006428288363,12,1.0,0.0,4.0
232,1.0,-0.288,0.0,0.0,1.5,1.1802120141342756,1.7949023621639375,-0.14285714285714285,0.0,-0.09768476464804246,-0.16901408450704225,0.8,0.5577797272134016,12,2.0,0.0,3.0
233,0.0,0.752,0.0,0.0,0.0,-0.02120141342756184,0.11718960584999821,-0.42857142857142855,-0.2,0.45744629495785905,-0.5633802816901409,0.0,0.5607203910741364,13,2.0,0.0,1.0
234,0.0,0.112,0.0,0.0,0.0,-0.5865724381625441,0.511059654403463,1.2857142857142858,0.4,0.07667415760929158,-0.3380281690140845,-0.6,-0.6339257264658479,12,2.0,0.0,4.0
235,1.0,-0.224,0.0,0.0,0.0,0.14840989399293286,0.5927073361915492,-0.2857142857142857,-0.2,5.089942585822921,1.2394366197183098,0.9,0.45049202923396525,12,2.0,0.0,4.0
236,0.0,-0.272,0.0,0.0,0.5,-0.2332155477031802,0.6481064399731499,0.14285714285714285,0.0,1.501113242698927,0.7323943661971831,-0.6,-0.6339257264658479,12,0.0,0.0,4.0
237,0.0,0.944,0.0,0.0,0.0,-0.36042402826855124,1.4050673551020245,0.2857142857142857,0.6,3.1937235988335626,-0.16901408450704225,-0.1,0.3605858532621025,12,1.0,0.0,3.0
238,0.0,0.24,0.0,0.0,1.0,0.12014134275618374,0.7054444061318994,0.42857142857142855,0.6,-0.9523407111917871,0.676056338028169,-0.6,-0.6339257264658479,12,2.0,0.0,4.0
239,2.0,-0.176,0.0,0.0,0.0,0.8268551236749117,0.8505978737004859,-0.42857142857142855,-0.2,0.047461052140485856,0.39436619718309857,2.2,0.9827711906386827,12,0.0,0.0,2.0
240,0.0,0.112,0.0,0.0,0.5,-0.12014134275618374,-0.15332242692501047,0.0,0.2,2.5271540617342643,-0.7323943661971831,-0.4,0.07067186151671297,12,0.0,0.0,3.0
241,0.0,-0.016,0.0,0.0,0.0,-0.303886925795053,-0.8707023919301531,-0.8571428571428571,-0.8,-0.9523407111917871,-0.5070422535211268,0.1,0.5849725518640259,12,2.0,0.0,2.0
242,0.0,0.88,0.0,0.0,0.0,-0.02120141342756184,0.5067315256321872,0.14285714285714285,-0.2,-0.06763207739122663,-0.28169014084507044,0.9,0.05191782451816345,12,0.0,0.0,2.0
243,0.0,-0.016,0.0,0.0,0.5,-0.2332155477031802,-0.031726476665139,-0.42857142857142855,-0.4,-0.9523407111917871,-0.3380281690140845,-0.5,-0.6339257264658479,13,2.0,0.0,2.0
244,0.0,-0.528,0.0,0.0,0.0,-0.5865724381625441,-0.25168715190812585,-0.42857142857142855,-0.6,-0.9523407111917871,-0.7323943661971831,-0.6,-0.6339257264658479,12,2.0,0.0,4.0
245,0.0,-0.656,0.0,0.0,1.0,0.12014134275618374,0.9053874858077355,-0.7142857142857143,-0.6,-0.9523407111917871,-0.6197183098591549,-0.6,-0.6339257264658479,12,2.0,0.0,4.0
246,0.0,-0.272,0.0,0.0,0.0,-0.5300353356890459,-0.33976386403554176,-0.42857142857142855,-0.2,-0.09835146654666081,-0.056338028169014086,-0.2,1.8310728493094481,11,2.0,0.0,4.0
247,0.0,0.88,0.0,0.0,0.0,-0.07773851590106007,0.09534368283647095,-0.14285714285714285,-0.2,0.6353520949805976,0.9014084507042254,0.5,0.746606458040807,13,0.0,0.0,4.0
248,0.0,0.112,0.0,0.0,1.0,0.45936395759717313,0.20133207135597952,-0.8571428571428571,-0.8,-0.9523407111917871,0.4507042253521127,0.0,0.7274874198454836,12,2.0,0.0,0.0
249,3.0,0.08,0.0,0.0,1.0,2.607773851590106,0.882296753527101,-0.2857142857142857,0.0,0.7526725219944815,0.0,4.5,0.06490777660374365,13,0.0,0.0,2.0
250,0.0,-0.272,0.0,0.0,0.0,-0.5865724381625441,-1.3861423434600695,-0.14285714285714285,-0.2,-0.9523407111917871,-0.8450704225352113,-0.6,-0.6339257264658479,12,1.0,0.0,1.0
251,0.0,-0.656,0.0,0.0,1.0,0.12014134275618374,0.21504179703528814,-0.8571428571428571,-0.8,-0.9523407111917871,0.22535211267605634,-0.4,-0.6339257264658479,12,2.0,0.0,2.0
252,0.0,-0.528,0.0,0.0,0.0,-0.5865724381625441,-0.06540037515466958,-0.14285714285714285,-0.2,0.9686193576525862,-0.5633802816901409,-0.6,-0.6339257264658479,11,2.0,0.0,3.0
253,0.0,-0.528,0.0,0.0,0.0,-0.5865724381625441,-0.4190007332347177,-0.5714285714285714,-0.4,-0.36522310403820424,-0.7887323943661971,-0.6,-0.6339257264658479,12,2.0,0.0,3.0
254,2.0,-0.368,1.0,0.0,0.0,0.6289752650176679,-0.43873557188950607,1.0,0.8,-0.11497036037297992,1.0140845070422535,1.2,0.058334928847890634,14,1.0,1.0,2.0
255,0.0,0.752,0.0,0.0,0.0,-0.5865724381625441,-0.8154753625534661,1.7142857142857142,1.6,0.08238181278416078,0.7887323943661971,-0.6,-0.6339257264658479,14,1.0,1.0,4.0
256,1.0,0.864,0.0,0.0,1.0,0.9681978798586572,-0.5768336937032795,0.5714285714285714,0.6,-0.007805195035400758,-0.39436619718309857,0.7,0.15173238165730835,14,2.0,1.0,4.0
257,1.0,-0.352,0.0,0.0,0.0,-0.36042402826855124,-0.6676402791944114,0.5714285714285714,1.0,1.1970132597052252,1.9154929577464788,-0.2,-0.06808899763256902,14,2.0,1.0,4.0
258,0.0,0.304,0.0,0.0,0.0,-0.5300353356890459,-0.6888669704729323,0.42857142857142855,0.2,0.5172534363995892,-0.676056338028169,-0.5,-0.04605562773599381,14,2.0,1.0,4.0
259,0.0,0.688,0.0,0.0,0.0,-0.4169611307420495,-0.5509865242571415,0.8571428571428571,0.6,0.5718465859046579,-0.056338028169014086,-0.3,0.7667870733476434,14,2.0,1.0,4.0
260,0.0,-0.016,0.0,0.0,1.0,0.12014134275618374,-0.43225090514309883,1.0,0.4,0.9817005199342403,0.4507042253521127,-0.6,-0.6339257264658479,14,0.0,1.0,2.0
261,0.0,-0.144,0.0,0.0,0.0,-0.5865724381625441,-1.2396516836248255,-0.14285714285714285,0.2,0.3800750606375992,-0.22535211267605634,-0.6,-0.6339257264658479,15,1.0,1.0,4.0
262,0.0,0.112,0.0,0.0,0.0,-0.4734982332155477,-0.4499835710264777,0.0,0.0,0.6058433987632406,0.056338028169014086,-0.4,0.5579221219351232,14,0.0,1.0,3.0
263,1.0,0.032,0.0,0.0,1.0,0.7420494699646644,-0.43180123900950373,0.42857142857142855,0.6,-0.28992176512339934,0.0,0.7,0.1017097360947412,15,0.0,1.0,4.0
264,1.0,-0.608,0.0,0.0,0.0,-0.13427561837455831,-0.771046518603479,0.0,0.4,1.8096762903926724,-0.16901408450704225,0.2,0.7792031603890017,15,0.0,1.0,2.0
265,2.0,-0.304,0.0,0.0,0.0,0.8833922261484098,-0.17715325623878556,-0.2857142857142857,-0.2,0.08600541357513668,0.39436619718309857,2.0,-0.21111254338807403,14,0.0,1.0,2.0
266,3.0,0.016,0.0,0.0,1.5,2.480565371024735,-0.28617847760933457,0.14285714285714285,0.6,-0.5654228836704449,0.9014084507042254,1.9,-0.08135773111436595,14,0.0,1.0,0.0
267,0.0,0.624,0.0,0.0,0.0,-0.19081272084805653,-1.254009123337724,-0.2857142857142857,0.0,0.15764226702892692,-0.6197183098591549,0.0,0.22456301658376224,14,0.0,1.0,4.0
268,0.0,0.88,0.0,0.0,0.5,-0.2332155477031802,-0.7104853302511452,2.0,1.4,0.2870859766893918,-0.16901408450704225,-0.6,-0.6339257264658479,14,0.0,1.0,2.0
269,1.0,0.864,0.0,0.0,2.0,1.4487632508833923,-0.31161715481464847,0.14285714285714285,0.6,-0.5646290844100345,0.5633802816901409,0.3,-0.2116851187695656,14,0.0,1.0,4.0
270,0.0,0.24,0.0,0.0,0.0,-0.5865724381625441,-0.8837953946779571,0.42857142857142855,0.2,0.194064290084524,-0.5633802816901409,-0.6,-0.6339257264658479,14,0.0,1.0,4.0
271,0.0,-0.144,0.0,0.0,0.0,-0.5300353356890459,-0.7782033971117917,0.42857142857142855,-0.2,-0.26925547806546524,-0.7887323943661971,-0.4,0.2207859767500716,15,0.0,1.0,3.0
272,0.0,0.88,0.0,0.0,0.0,0.0353356890459364,0.18220185434521474,-0.14285714285714285,-0.6,0.7332051017188237,0.056338028169014086,0.1,0.17640883104644256,16,2.0,1.0,4.0
273,2.0,0.016,0.0,0.0,1.0,1.5335689045936396,-0.07607312040626088,0.2857142857142857,0.4,-0.6338591605934631,0.0,2.8,-0.36490245593425347,17,0.0,1.0,4.0
274,1.0,-0.48,1.0,0.0,0.0,-0.02120141342756184,-0.2558122151724024,0.2857142857142857,0.2,-0.2281415011150299,0.28169014084507044,0.5,0.1827801492579949,15,0.0,1.0,2.0
275,1.0,-0.352,0.0,0.0,0.0,-0.07773851590106007,0.13870407164788617,0.5714285714285714,0.6,-0.14335841005202218,1.971830985915493,0.4,-0.10737676915397948,16,1.0,1.0,2.0
276,0.0,0.56,0.0,0.0,0.0,-0.19081272084805653,-0.13189016133598805,0.5714285714285714,-0.2,-0.04454398106893607,0.5633802816901409,0.4,0.3217551454321285,15,0.0,1.0,4.0
277,0.0,0.368,0.0,0.0,2.0,0.9399293286219081,0.0015172358121077164,0.42857142857142855,0.8,-0.36769598226153005,1.1267605633802817,-0.3,0.22149584786473567,16,0.0,1.0,4.0
278,1.0,-0.288,0.0,1.0,0.5,0.04946996466431095,-0.009810454730227253,0.8571428571428571,1.2,-0.5229713829707591,0.7323943661971831,-0.2,-0.05661115400035536,15,0.0,1.0,4.0
279,1.0,0.032,0.0,0.0,1.0,0.4028268551236749,0.2898008947131172,1.4285714285714286,1.8,-0.224017136170265,0.7887323943661971,0.3,-0.2360733487744653,16,0.0,1.0,0.0
280,3.0,-0.304,0.0,0.0,0.0,1.2508833922261484,1.6571790851087238,1.1428571428571428,1.8,-0.22335771992999548,1.0140845070422535,2.9,-0.20916626479253608,15,2.0,1.0,2.0
281,1.0,-0.032,1.0,0.0,0.5,0.3321554770318021,1.7250422198424664,0.42857142857142855,0.8,-0.2819958218910275,1.4647887323943662,0.6,1.5651937328923375,14,0.0,1.0,1.0
282,1.0,0.864,0.0,0.0,0.5,0.24734982332155478,1.8292921551116466,2.0,2.2,-0.48857695952266506,0.7323943661971831,0.4,-0.0617287362829803,15,0.0,1.0,4.0
283,1.0,0.928,1.0,1.0,0.5,0.2756183745583039,1.49074801230819,1.7142857142857142,2.4,-0.01499168446172254,1.2394366197183098,0.4,0.2616139362345628,14,0.0,1.0,4.0
284,0.0,0.624,0.0,0.0,1.5,0.4734982332155477,2.1618349447845553,1.1428571428571428,1.2,0.7967387756099087,3.0985915492957745,-0.5,2.1031975990666947,15,0.0,1.0,4.0
285,3.0,-0.176,1.0,0.0,0.0,1.674911660777385,2.3667233188932015,1.4285714285714286,0.4,-0.4895838605856231,1.6338028169014085,2.8,0.2843040264663128,15,0.0,1.0,4.0
286,4.0,1.984,0.0,0.0,0.0,2.8904593639575973,1.6936963434262744,2.2857142857142856,3.0,-0.18207052765140522,4.112676056338028,4.8,-0.1780145942908,15,2.0,1.0,1.0
287,2.0,0.976,1.0,0.0,0.0,1.1660777385159011,2.231458374116763,0.42857142857142855,0.6,1.055140882425256,7.267605633802817,3.1,-0.168188628399709,15,0.0,1.0,4.0
288,1.0,-0.096,0.0,0.0,1.5,0.8127208480565371,1.364202487891887,2.4285714285714284,1.8,-0.13971773143875915,2.4225352112676055,0.2,0.07519445110943832,14,1.0,1.0,4.0
289,1.0,0.992,1.0,1.0,2.0,1.9293286219081272,0.8806840356052344,-0.2857142857142857,0.0,-0.4971053885234149,1.6901408450704225,1.6,0.16001410128083038,14,0.0,1.0,2.0
290,1.0,0.672,0.0,0.0,1.5,1.3215547703180213,1.8118612835319112,0.5714285714285714,0.4,2.4049074652664912,0.16901408450704225,0.6,0.10775911148012493,14,0.0,1.0,3.0
291,3.0,0.592,0.0,0.0,0.0,1.8445229681978799,1.1691365222242727,0.5714285714285714,1.0,0.43068659858638897,1.408450704225352,2.9,-0.08405960876738046,15,0.0,1.0,2.0
292,3.0,0.464,1.0,1.0,1.5,2.2261484098939928,1.7738836064227437,2.0,2.8,0.20753581614401584,1.1830985915492958,2.1,0.3394601097557071,14,0.0,1.0,3.0
293,1.0,0.288,0.0,1.0,0.5,0.6713780918727915,-0.1867787973932351,0.0,0.4,0.7714447141139968,-0.4507042253521127,0.9,0.278348292748505,14,0.0,1.0,2.0
294,1.0,-0.16,0.0,0.0,0.5,0.558303886925795,0.23740261507346727,-0.14285714285714285,-0.2,-0.4641718857469883,0.7887323943661971,0.8,0.2457930934754313,15,0.0,1.0,3.0
295,1.0,0.352,0.0,0.0,0.0,-0.13427561837455831,0.05036098361920999,0.2857142857142857,0.6,-0.07467681732796888,0.8450704225352113,0.4,-0.042991149402970455,14,0.0,1.0,3.0
296,1.0,0.672,0.0,0.0,0.0,0.0353356890459364,0.22836442909187854,0.7142857142857143,1.2,-0.18364522412334486,-0.056338028169014086,0.8,-0.03103388202345503,14,2.0,1.0,2.0
297,0.0,0.496,0.0,0.0,0.0,-0.303886925795053,-0.42701355646730066,-0.2857142857142857,0.0,-0.3116446463927266,-0.28169014084507044,0.1,-0.02950903338139986,14,2.0,1.0,3.0
298,0.0,-0.208,0.0,0.0,1.0,0.12014134275618374,-0.5164975597827582,-0.14285714285714285,-0.2,-0.14154084294530275,-0.28169014084507044,-0.6,-0.6339257264658479,15,0.0,1.0,4.0
299,0.0,-0.016,0.0,0.0,0.0,-0.36042402826855124,-0.03772989586915911,-0.7142857142857143,-0.6,-0.9523407111917871,0.4507042253521127,0.1,-0.06643022101938167,14,0.0,1.0,2.0
300,0.0,0.496,0.0,0.0,0.0,-0.5865724381625441,0.14495173025167626,0.2857142857142857,0.8,-0.4809276397424086,0.5070422535211268,-0.5,0.3670995223568944,15,0.0,1.0,3.0
301,1.0,0.032,0.0,0.0,1.0,0.9681978798586572,-0.059370096995508576,-0.42857142857142855,-0.2,-0.28806955144704766,0.11267605633802817,0.4,0.16496923704538335,14,0.0,1.0,4.0
302,4.0,0.512,1.0,1.0,0.0,3.088339222614841,0.45621248739234005,1.0,-0.2,-0.23382527156978844,1.1830985915492958,7.7,-0.21343227690240132,15,0.0,1.0,2.0
303,0.0,-0.208,0.0,0.0,0.0,-0.5865724381625441,-1.39816652212761,0.14285714285714285,-0.4,0.18484738732374423,-0.5633802816901409,-0.6,-0.6339257264658479,14,0.0,1.0,4.0
304,1.0,0.16,0.0,0.0,0.5,0.6148409893992933,-0.10168549535993103,-0.14285714285714285,0.2,-0.38402292905276497,0.3380281690140845,0.8,-0.060396079492832835,14,0.0,1.0,4.0
305,2.0,0.656,1.0,1.0,0.0,1.0247349823321554,0.4216515054997769,0.14285714285714285,0.6,0.14447152296642723,0.4507042253521127,2.4,-0.025826056996706547,15,0.0,1.0,4.0
306,1.0,0.096,0.0,0.0,0.0,-0.13427561837455831,-0.28414988861281393,1.5714285714285714,0.8,-0.0811963726580082,0.5070422535211268,0.2,-0.034563904898988564,15,0.0,1.0,2.0
307,1.0,0.288,0.0,0.0,0.5,0.5017667844522968,-0.01239260384066825,0.2857142857142857,0.4,-0.0188710009458195,0.22535211267605634,0.4,0.3105119144709079,15,0.0,1.0,0.0
308,1.0,0.224,0.0,0.0,1.0,1.2226148409893993,0.22661874458439715,-0.8571428571428571,-0.8,-0.9523407111917871,-0.28169014084507044,1.1,0.06669777124339991,14,0.0,1.0,2.0
309,2.0,-0.432,1.0,1.0,0.5,0.8409893992932862,0.24836785729807617,0.42857142857142855,0.8,-0.020297836831500757,-0.056338028169014086,0.9,0.0440340475757484,14,0.0,1.0,2.0
